id,code,name,chart_template_id:id,user_type_id:id,reconcile,note
10,10,Dlouhodobý nehmotný majetek,l10n_cs_chart_template,account.data_account_type_fixed_assets,,
11,11,Zřizovací výdaje,l10n_cs_chart_template,account.data_account_type_fixed_assets,,
12,12,Nehmotné výsledky výzkumu a vývoje,l10n_cs_chart_template,account.data_account_type_fixed_assets,,
13,13,Software,l10n_cs_chart_template,account.data_account_type_fixed_assets,,
14,14,Goodwill,l10n_cs_chart_template,account.data_account_type_fixed_assets,,
19,19,Ostatní dlouhodobý nehmotný majetek,l10n_cs_chart_template,account.data_account_type_fixed_assets,,
21,21,Stavby,l10n_cs_chart_template,account.data_account_type_fixed_assets,,
22,22,Samostatné movité věci a soubory movitých věcí,l10n_cs_chart_template,account.data_account_type_fixed_assets,,
25,25,Pěstitelské celky trvalých porostů,l10n_cs_chart_template,account.data_account_type_fixed_assets,,
26,26,"Základní stádo, tažná zvířata",l10n_cs_chart_template,account.data_account_type_fixed_assets,,
29,29,Jiný dlouhodobý hmotný majetek,l10n_cs_chart_template,account.data_account_type_fixed_assets,,
31,31,Pozemky,l10n_cs_chart_template,account.data_account_type_fixed_assets,,
32,32,Umělecká díla a sbírky,l10n_cs_chart_template,account.data_account_type_fixed_assets,,
41,41,Pořízení dlouhodobého nehmotného majetku,l10n_cs_chart_template,account.data_account_type_fixed_assets,,
42,42,Pořízení dlouhodobého hmotného majetku,l10n_cs_chart_template,account.data_account_type_fixed_assets,,
43,43,Pořízení dlouhodobého finančního majetku,l10n_cs_chart_template,account.data_account_type_fixed_assets,,
51,51,Poskytnuté zálohy na dlouhodobý nehmotný majetek,l10n_cs_chart_template,account.data_account_type_fixed_assets,,
52,52,Poskytnuté zálohy na dlouhodobý hmotný majetek,l10n_cs_chart_template,account.data_account_type_fixed_assets,,
53,53,Poskytnuté zálohy na dlouhodobý finanční majetek,l10n_cs_chart_template,account.data_account_type_fixed_assets,,
61,61,Podíly v ovládaných a řízených osobách,l10n_cs_chart_template,account.data_account_type_fixed_assets,,
62,62,Podíly v účetních jednotkách pod podstatným vlivem,l10n_cs_chart_template,account.data_account_type_fixed_assets,,
63,63,Ostatní cenné papíry a podíly,l10n_cs_chart_template,account.data_account_type_fixed_assets,,
65,65,Dluhové cenné papíry držené do splatnosti,l10n_cs_chart_template,account.data_account_type_fixed_assets,,
66,66,Půjcky ovládaným a řízeným osobám a účetním jednotkám pod podstatným vlivem,l10n_cs_chart_template,account.data_account_type_fixed_assets,,
67,67,Ostatní půjcky,l10n_cs_chart_template,account.data_account_type_fixed_assets,,
69,69,Jiný dlouhodobý finanční majetek,l10n_cs_chart_template,account.data_account_type_fixed_assets,,
71,71,Oprávky ke zřizovacím výdajům,l10n_cs_chart_template,account.data_account_type_fixed_assets,,
72,72,Oprávky k nehmotným výsledkům výzkumu a vývoje,l10n_cs_chart_template,account.data_account_type_fixed_assets,,
73,73,Oprávky k softwaru,l10n_cs_chart_template,account.data_account_type_fixed_assets,,
74,74,Oprávky k ocenitelným právům,l10n_cs_chart_template,account.data_account_type_fixed_assets,,
75,75,Oprávky ke goodwillu,l10n_cs_chart_template,account.data_account_type_fixed_assets,,
79,79,Oprávky k jinému dlouhodobému nehmotnému majetku,l10n_cs_chart_template,account.data_account_type_fixed_assets,,
81,81,Oprávky ke stavbám,l10n_cs_chart_template,account.data_account_type_fixed_assets,,
82,82,Oprávky k samostatným movitým věcem a souborům movitých věcí,l10n_cs_chart_template,account.data_account_type_fixed_assets,,
85,85,Oprávky k pěstitelským celkům trvalých porostů,l10n_cs_chart_template,account.data_account_type_fixed_assets,,
86,86,Oprávky k základnímu stádu a tažným zvířatům,l10n_cs_chart_template,account.data_account_type_fixed_assets,,
89,89,Oprávky k jinému dlouhodobému hmotnému majetku,l10n_cs_chart_template,account.data_account_type_fixed_assets,,
91,91,Opravná položka k dlouhodobému nehmotnému majetku,l10n_cs_chart_template,account.data_account_type_fixed_assets,,
92,92,Opravná položka k dlouhodobému hmotnému majetku,l10n_cs_chart_template,account.data_account_type_fixed_assets,,
93,93,Opravná položka k dlouhodobému nedokončenému nehmotnému majetku,l10n_cs_chart_template,account.data_account_type_fixed_assets,,
94,94,Opravná položka k dlouhodobému nedokončenému hmotnému majetku,l10n_cs_chart_template,account.data_account_type_fixed_assets,,
95,95,Opravná položka k poskytnutým zálohám na dlouhodobý majetek,l10n_cs_chart_template,account.data_account_type_fixed_assets,,
96,96,Opravná položka k dlouhodobému finančnímu majetku,l10n_cs_chart_template,account.data_account_type_fixed_assets,,
97,97,Oceňovací rozdíl k nabytému majetku,l10n_cs_chart_template,account.data_account_type_fixed_assets,,
98,98,Oprávky k oceňovacímu rozdílu k nabytému majetku,l10n_cs_chart_template,account.data_account_type_fixed_assets,,
111,111,Pořízení materiálu,l10n_cs_chart_template,account.data_account_type_fixed_assets,,
112,112,Materiál na skladě,l10n_cs_chart_template,account.data_account_type_fixed_assets,,
119,119,Materiál na cestě,l10n_cs_chart_template,account.data_account_type_fixed_assets,,
121,121,Nedokončená výroba,l10n_cs_chart_template,account.data_account_type_fixed_assets,,
122,122,Polotovary vlastní výroby,l10n_cs_chart_template,account.data_account_type_fixed_assets,,
123,123,Výrobky,l10n_cs_chart_template,account.data_account_type_fixed_assets,,
124,124,Zvířata,l10n_cs_chart_template,account.data_account_type_fixed_assets,,
131,131,Pořízení zboží,l10n_cs_chart_template,account.data_account_type_fixed_assets,,
132,132,Zboží na skladě a v prodejnách,l10n_cs_chart_template,account.data_account_type_fixed_assets,,
139,139,Zboží na cestě,l10n_cs_chart_template,account.data_account_type_fixed_assets,,
151,151,Poskytnuté zálohy na materiál,l10n_cs_chart_template,account.data_account_type_fixed_assets,,
152,152,Poskytnuté zálohy na zvířata,l10n_cs_chart_template,account.data_account_type_fixed_assets,,
153,153,Poskytnuté zálohy na zboží,l10n_cs_chart_template,account.data_account_type_fixed_assets,,
191,191,Opravná položka k materiálu,l10n_cs_chart_template,account.data_account_type_fixed_assets,,
192,192,Opravná položka k nedokončené výrobě,l10n_cs_chart_template,account.data_account_type_fixed_assets,,
193,193,Opravná položka k polotovarům vlastní výroby,l10n_cs_chart_template,account.data_account_type_fixed_assets,,
194,194,Opravná položka k výrobkům,l10n_cs_chart_template,account.data_account_type_fixed_assets,,
195,195,Opravná položka ke zvířatům,l10n_cs_chart_template,account.data_account_type_fixed_assets,,
196,196,Opravná položka ke zboží,l10n_cs_chart_template,account.data_account_type_fixed_assets,,
197,197,Opravná položka k zálohám na materiál,l10n_cs_chart_template,account.data_account_type_fixed_assets,,
198,198,Opravná položka k zálohám na zboží,l10n_cs_chart_template,account.data_account_type_fixed_assets,,
199,199,Opravná položka k zálohám na zvířata,l10n_cs_chart_template,account.data_account_type_fixed_assets,,
211,211,Pokladna,l10n_cs_chart_template,account.data_account_type_fixed_assets,,
213,213,Ceniny,l10n_cs_chart_template,account.data_account_type_fixed_assets,,
221,221,Bankovní účty,l10n_cs_chart_template,account.data_account_type_fixed_assets,,
231,231,Krátkodobé bankovní úvěry,l10n_cs_chart_template,account.data_account_type_current_liabilities,,
232,232,Eskontní úvěry,l10n_cs_chart_template,account.data_account_type_current_liabilities,,
241,241,Emitované krátkodobé dluhopisy,l10n_cs_chart_template,account.data_account_type_current_liabilities,,
249,249,Ostatní krátkodobé finanční výpomoci,l10n_cs_chart_template,account.data_account_type_current_liabilities,,
251,251,Registrované majetkové cenné papíry k obchodování,l10n_cs_chart_template,account.data_account_type_fixed_assets,,
252,252,Vlastní akcie a vlastní obchodní podíly,l10n_cs_chart_template,account.data_account_type_current_liabilities,,
253,253,Registrované dluhové cenné papíry k obchodování,l10n_cs_chart_template,account.data_account_type_fixed_assets,,
255,255,Vlastní dluhopisy,l10n_cs_chart_template,account.data_account_type_current_liabilities,,
256,256,Dluhové cenné papíry se splatností do jednoho roku držené do splatnosti,l10n_cs_chart_template,account.data_account_type_fixed_assets,,
257,257,Ostatní cenné papíry k obchodování,l10n_cs_chart_template,account.data_account_type_fixed_assets,,
259,259,Pořizování krátkodobého finančního majetku,l10n_cs_chart_template,account.data_account_type_fixed_assets,,
261,261,Peníze na cestě,l10n_cs_chart_template,account.data_account_type_fixed_assets,,
291,291,Opravná položka ke krátkodobému finančnímu majetku,l10n_cs_chart_template,account.data_account_type_fixed_assets,,
311,311,Pohledávky z obchodních vztahů,l10n_cs_chart_template,account.data_account_type_receivable,True,
312,312,Směnky k inkasu,l10n_cs_chart_template,account.data_account_type_receivable,True,
313,313,Pohledávky za eskontované cenné papíry,l10n_cs_chart_template,account.data_account_type_receivable,True,
314,314,Poskytnuté provozní zálohy,l10n_cs_chart_template,account.data_account_type_receivable,True,
315,315,Ostatní pohledávky,l10n_cs_chart_template,account.data_account_type_receivable,True,
321,321,Závazky z obchodních vztahů,l10n_cs_chart_template,account.data_account_type_payable,True,
322,322,Směnky k úhrade,l10n_cs_chart_template,account.data_account_type_payable,True,
324,324,Přijaté provozní zálohy,l10n_cs_chart_template,account.data_account_type_payable,True,
325,325,Ostatní závazky,l10n_cs_chart_template,account.data_account_type_payable,True,
331,331,Zaměstnanci,l10n_cs_chart_template,account.data_account_type_current_liabilities,,
333,333,Ostatní závazky vůči zaměstnancům,l10n_cs_chart_template,account.data_account_type_current_liabilities,,
335,335,Pohledávky za zaměstnanci,l10n_cs_chart_template,account.data_account_type_current_liabilities,,
336,336,Zúčtování s institucemi sociálního zabezpečení a zdravotního pojištení,l10n_cs_chart_template,account.data_account_type_current_liabilities,,
341,341,Daň z příjmu,l10n_cs_chart_template,account.data_account_type_current_liabilities,,
342,342,Ostatní přímé daně,l10n_cs_chart_template,account.data_account_type_current_liabilities,,
343,343,Daň z přidané hodnoty,l10n_cs_chart_template,account.data_account_type_current_liabilities,,
345,345,Ostatní daně a poplatky,l10n_cs_chart_template,account.data_account_type_current_liabilities,,
346,346,Dotace ze státního rozpočtu,l10n_cs_chart_template,account.data_account_type_current_liabilities,,
347,347,Ostatní dotace,l10n_cs_chart_template,account.data_account_type_current_liabilities,,
351,351,Pohledávky za ovládanými a řízenými osobami,l10n_cs_chart_template,account.data_account_type_current_assets,,
352,352,Pohledávky za účetními jednotkami pod podstatným vlivem,l10n_cs_chart_template,account.data_account_type_current_assets,,
353,353,Pohledávky za upsaný základní kapitál,l10n_cs_chart_template,account.data_account_type_current_assets,,
354,354,Pohledávky za společníky při úhradě ztráty,l10n_cs_chart_template,account.data_account_type_current_assets,,
355,355,Ostatní pohledávky za společníky a členy družstva,l10n_cs_chart_template,account.data_account_type_current_assets,,
358,358,Pohledávky za účastníky sdružení,l10n_cs_chart_template,account.data_account_type_current_assets,,
361,361,Závazky k ovládaným a řízeným osobám,l10n_cs_chart_template,account.data_account_type_current_liabilities,,
362,362,Závazky k osobám pod podstatným vlivem,l10n_cs_chart_template,account.data_account_type_current_liabilities,,
364,364,Závazky ke společníkům při rozdělování zisku,l10n_cs_chart_template,account.data_account_type_current_liabilities,,
365,365,Ostatní závazky ke společníkům a členům družstva,l10n_cs_chart_template,account.data_account_type_current_liabilities,,
366,366,Závazky ke společníkum a členům družstva ze závislé činnosti,l10n_cs_chart_template,account.data_account_type_current_liabilities,,
367,367,Závazky z upsaných nesplacených cenných papírů a vkladů,l10n_cs_chart_template,account.data_account_type_current_liabilities,,
368,368,Závazky k účastníkům sdružení,l10n_cs_chart_template,account.data_account_type_current_liabilities,,
371,371,Pohledávky z prodeje podniku,l10n_cs_chart_template,account.data_account_type_current_assets,,
372,372,Závazky z koupě podniku,l10n_cs_chart_template,account.data_account_type_current_liabilities,,
373,373,Pohledávky a závazky z pevných termínových operací,l10n_cs_chart_template,account.data_account_type_current_assets,,
374,374,Pohledávky z pronájmu,l10n_cs_chart_template,account.data_account_type_current_assets,,
375,375,Pohledávky z emitovaných dluhopisů,l10n_cs_chart_template,account.data_account_type_current_assets,,
376,376,Nakoupené opce,l10n_cs_chart_template,account.data_account_type_current_assets,,
377,377,Prodané opce,l10n_cs_chart_template,account.data_account_type_current_liabilities,,
378,378,Jiné pohledávky,l10n_cs_chart_template,account.data_account_type_current_assets,,
379,379,Jiné závazky,l10n_cs_chart_template,account.data_account_type_current_liabilities,,
381,381,Náklady príštích období,l10n_cs_chart_template,account.data_account_type_current_assets,,
382,382,Komplexní náklady príštích období,l10n_cs_chart_template,account.data_account_type_current_assets,,
383,383,Výdaje príštích období,l10n_cs_chart_template,account.data_account_type_current_liabilities,,
384,384,Výnosy príštích období,l10n_cs_chart_template,account.data_account_type_current_liabilities,,
385,385,Příjmy príštích období,l10n_cs_chart_template,account.data_account_type_current_assets,,
386,386,Kursové rozdíly aktivní,l10n_cs_chart_template,account.data_account_type_current_assets,,
387,387,Kursové rozdíly pasivní,l10n_cs_chart_template,account.data_account_type_current_liabilities,,
388,388,Dohadné účty aktivní,l10n_cs_chart_template,account.data_account_type_current_assets,,
389,389,Dohadné účty pasivní,l10n_cs_chart_template,account.data_account_type_current_liabilities,,
391,391,Opravná položka k pohledávkám,l10n_cs_chart_template,account.data_account_type_current_assets,,
395,395,Vnitřní zúčtování,l10n_cs_chart_template,account.data_account_type_current_assets,,
398,398,Spojovací účet při sdružení,l10n_cs_chart_template,account.data_account_type_current_assets,,
411,411,Základní kapitál,l10n_cs_chart_template,account.data_account_type_equity,,
412,412,Emisní ážio,l10n_cs_chart_template,account.data_account_type_current_liabilities,,
413,413,Ostatní kapitálové fondy,l10n_cs_chart_template,account.data_account_type_current_liabilities,,
414,414,Oceňovací rozdíly z precenění majetku a závazků,l10n_cs_chart_template,account.data_account_type_current_liabilities,,
417,417,Rozdíly z přeměn společností,l10n_cs_chart_template,account.data_account_type_current_liabilities,,
418,418,Oceňovací rozdíly z přecenění pri přeměnách,l10n_cs_chart_template,account.data_account_type_current_liabilities,,
419,419,Změny základního kapitálu,l10n_cs_chart_template,account.data_account_type_current_liabilities,,
421,421,Zákonný rezervní fond,l10n_cs_chart_template,account.data_account_type_current_liabilities,,
422,422,Nedělitelný fond,l10n_cs_chart_template,account.data_account_type_current_liabilities,,
423,423,Statutární fondy,l10n_cs_chart_template,account.data_account_type_current_liabilities,,
427,427,Ostatní fondy,l10n_cs_chart_template,account.data_account_type_current_liabilities,,
428,428,Nerozdělený zisk minulých let,l10n_cs_chart_template,account.data_account_type_current_liabilities,,
429,429,Neuhrazená ztráta minulých let,l10n_cs_chart_template,account.data_account_type_current_liabilities,,
431,431,Výsledek hospodarení ve schvalovacím řízení,l10n_cs_chart_template,account.data_account_type_current_liabilities,,
451,451,Rezervy podle zvláštních právních předpisů,l10n_cs_chart_template,account.data_account_type_current_liabilities,,
453,453,Rezerva na daň z příjmů,l10n_cs_chart_template,account.data_account_type_current_liabilities,,
459,459,Ostatní rezervy,l10n_cs_chart_template,account.data_account_type_current_liabilities,,
460,460,Bankovní úvěry,l10n_cs_chart_template,account.data_account_type_current_liabilities,,
471,471,Dlouhodobé závazky k ovládaným a řízeným osobám,l10n_cs_chart_template,account.data_account_type_current_liabilities,,
472,472,Dlouhodobé závazky k účetním jednotkám pod podstatným vlivem,l10n_cs_chart_template,account.data_account_type_current_liabilities,,
473,473,Emitované dluhopisy,l10n_cs_chart_template,account.data_account_type_current_liabilities,,
474,474,Závazky z pronájmu,l10n_cs_chart_template,account.data_account_type_current_liabilities,,
475,475,Dlouhodobé přijaté zálohy,l10n_cs_chart_template,account.data_account_type_current_liabilities,,
478,478,Dlouhodobé směnky k úhradě,l10n_cs_chart_template,account.data_account_type_current_liabilities,,
479,479,Jiné dlouhodobé závazky,l10n_cs_chart_template,account.data_account_type_current_liabilities,,
481,481,Odložený daňový závazek a pohledávka,l10n_cs_chart_template,account.data_account_type_current_liabilities,,
491,491,Účet individuálního podnikatele,l10n_cs_chart_template,account.data_account_type_current_liabilities,,
501,501,Spotřeba materiálu,l10n_cs_chart_template,account.data_account_type_expenses,,
502,502,Spotřeba energie,l10n_cs_chart_template,account.data_account_type_expenses,,
503,503,Spotřeba ostatních neskladovatelných dodávek,l10n_cs_chart_template,account.data_account_type_expenses,,
504,504,Prodané zboží,l10n_cs_chart_template,account.data_account_type_expenses,,
511,511,Opravy a udržování,l10n_cs_chart_template,account.data_account_type_expenses,,
512,512,Cestovné,l10n_cs_chart_template,account.data_account_type_expenses,,
513,513,Náklady na reprezentaci,l10n_cs_chart_template,account.data_account_type_expenses,,
518,518,Ostatní služby,l10n_cs_chart_template,account.data_account_type_expenses,,
521,521,Mzdové náklady,l10n_cs_chart_template,account.data_account_type_expenses,,
522,522,Příjmy společníků a členů družstva ze závislé činnosti,l10n_cs_chart_template,account.data_account_type_expenses,,
523,523,Odměny členům orgánu společnosti a družstva,l10n_cs_chart_template,account.data_account_type_expenses,,
524,524,Zákonné sociální pojištění,l10n_cs_chart_template,account.data_account_type_expenses,,
525,525,Ostatní sociální pojištění,l10n_cs_chart_template,account.data_account_type_expenses,,
526,526,Sociální náklady individuálního podnikatele,l10n_cs_chart_template,account.data_account_type_expenses,,
527,527,Zákonné sociální náklady,l10n_cs_chart_template,account.data_account_type_expenses,,
528,528,Ostatní sociální náklady,l10n_cs_chart_template,account.data_account_type_expenses,,
531,531,Daň silniční,l10n_cs_chart_template,account.data_account_type_expenses,,
532,532,Daň z nemovitostí,l10n_cs_chart_template,account.data_account_type_expenses,,
538,538,Ostatní daně a poplatky,l10n_cs_chart_template,account.data_account_type_expenses,,
541,541,Zůstatková cena prodaného dlouhodobého nehmotného a hmotného majetku,l10n_cs_chart_template,account.data_account_type_expenses,,
542,542,Prodaný materiál,l10n_cs_chart_template,account.data_account_type_expenses,,
543,543,Dary,l10n_cs_chart_template,account.data_account_type_expenses,,
544,544,Smluvní pokuty a úroky z prodlení,l10n_cs_chart_template,account.data_account_type_expenses,,
545,545,Ostatní pokuty a penále,l10n_cs_chart_template,account.data_account_type_expenses,,
546,546,Odpis pohledávky,l10n_cs_chart_template,account.data_account_type_expenses,,
548,548,Ostatní provozní náklady,l10n_cs_chart_template,account.data_account_type_expenses,,
549,549,Manka a škody z provozní činnosti,l10n_cs_chart_template,account.data_account_type_expenses,,
551,551,Odpisy dlouhodobého nehmotného a hmotného majetku,l10n_cs_chart_template,account.data_account_type_expenses,,
552,552,Tvorba a zúčtování rezerv podle zvláštních právních předpisů,l10n_cs_chart_template,account.data_account_type_expenses,,
554,554,Tvorba a zúctování ostatních rezerv,l10n_cs_chart_template,account.data_account_type_expenses,,
555,555,Tvorba a zúctování komplexních nákladů příštích období,l10n_cs_chart_template,account.data_account_type_expenses,,
557,557,Zúčtování oprávky k oceňovacímu rozdílu k nabytému majetku,l10n_cs_chart_template,account.data_account_type_expenses,,
558,558,Tvorba a zúčtování zákonných opravných položek v provozní činnosti,l10n_cs_chart_template,account.data_account_type_expenses,,
559,559,Tvorba a zúčtování opravných položek v provozní činnosti,l10n_cs_chart_template,account.data_account_type_expenses,,
561,561,Prodané cenné papíry a podíly,l10n_cs_chart_template,account.data_account_type_expenses,,
562,562,Úroky,l10n_cs_chart_template,account.data_account_type_expenses,,
563,563,Kursové ztráty,l10n_cs_chart_template,account.data_account_type_expenses,,
564,564,Náklady z přecenění cenných papírů,l10n_cs_chart_template,account.data_account_type_expenses,,
566,566,Náklady z finančního majetku,l10n_cs_chart_template,account.data_account_type_expenses,,
567,567,Náklady z derivátových operací,l10n_cs_chart_template,account.data_account_type_expenses,,
568,568,Ostatní finanční náklady,l10n_cs_chart_template,account.data_account_type_expenses,,
569,569,Manka a škody na finančním majetku,l10n_cs_chart_template,account.data_account_type_expenses,,
574,574,Tvorba a zúčtování finančních rezerv,l10n_cs_chart_template,account.data_account_type_expenses,,
579,579,Tvorba a zúčtování opravných položek ve finanční činnosti,l10n_cs_chart_template,account.data_account_type_expenses,,
581,581,Náklady na změnu metody,l10n_cs_chart_template,account.data_account_type_expenses,,
582,582,Škody,l10n_cs_chart_template,account.data_account_type_expenses,,
584,584,Tvorba a zúčtování mimořádných rezerv,l10n_cs_chart_template,account.data_account_type_expenses,,
588,588,Ostatní mimorádné náklady,l10n_cs_chart_template,account.data_account_type_expenses,,
589,589,Tvorba a zúčtování opravných položek v mimořádné činnosti,l10n_cs_chart_template,account.data_account_type_expenses,,
591,591,Daň z příjmů z běžné činnosti splatná,l10n_cs_chart_template,account.data_account_type_expenses,,
592,592,Daň z příjmů z běžné činnosti odložená,l10n_cs_chart_template,account.data_account_type_expenses,,
593,593,Daň z příjmů z mimořádné činnosti splatná,l10n_cs_chart_template,account.data_account_type_expenses,,
594,594,Daň z příjmů z mimořádné činnosti odložená,l10n_cs_chart_template,account.data_account_type_expenses,,
595,595,Dodatečné odvody daně z příjmů,l10n_cs_chart_template,account.data_account_type_expenses,,
596,596,Převod podílu na výsledku hospodaření společníkům,l10n_cs_chart_template,account.data_account_type_expenses,,
597,597,Převod provozních nákladů,l10n_cs_chart_template,account.data_account_type_expenses,,
598,598,Převod finančních nákladů,l10n_cs_chart_template,account.data_account_type_expenses,,
601,601,Tržby za vlastní výrobky,l10n_cs_chart_template,account.data_account_type_other_income,,
602,602,Tržby z prodeje služeb,l10n_cs_chart_template,account.data_account_type_other_income,,
604,604,Tržby za zboží,l10n_cs_chart_template,account.data_account_type_other_income,,
611,611,Změna stavu nedokončené výroby,l10n_cs_chart_template,account.data_account_type_other_income,,
612,612,Změna stavu polotovaru vlastní výroby,l10n_cs_chart_template,account.data_account_type_other_income,,
613,613,Změna stavu výrobku,l10n_cs_chart_template,account.data_account_type_other_income,,
614,614,Změna stavu zvířat,l10n_cs_chart_template,account.data_account_type_other_income,,
621,621,Aktivace materiálu a zboží,l10n_cs_chart_template,account.data_account_type_other_income,,
622,622,Aktivace vnitropodnikových služeb,l10n_cs_chart_template,account.data_account_type_other_income,,
623,623,Aktivace dlouhodobého nehmotného majetku,l10n_cs_chart_template,account.data_account_type_other_income,,
624,624,Aktivace dlouhodobého hmotného majetku,l10n_cs_chart_template,account.data_account_type_other_income,,
641,641,Tržby z prodeje dlouhodobého nehmotného a hmotného majetku,l10n_cs_chart_template,account.data_account_type_other_income,,
642,642,Tržby z prodeje materiálu,l10n_cs_chart_template,account.data_account_type_other_income,,
644,644,Smluvní pokuty a úroky z prodlení,l10n_cs_chart_template,account.data_account_type_other_income,,
646,646,Výnosy z odepsaných pohledávek,l10n_cs_chart_template,account.data_account_type_other_income,,
648,648,Ostatní provozní výnosy,l10n_cs_chart_template,account.data_account_type_other_income,,
661,661,Tržby z prodeje cenných papírů a podílů,l10n_cs_chart_template,account.data_account_type_other_income,,
662,662,Úroky,l10n_cs_chart_template,account.data_account_type_other_income,,
663,663,Kursové zisky,l10n_cs_chart_template,account.data_account_type_other_income,,
664,664,Výnosy z přecenění cenných papírů,l10n_cs_chart_template,account.data_account_type_other_income,,
665,665,Výnosy z dlouhodobého finančního majetku,l10n_cs_chart_template,account.data_account_type_other_income,,
666,666,Výnosy z krátkodobého finančního majetku,l10n_cs_chart_template,account.data_account_type_other_income,,
667,667,Výnosy z derivátových operací,l10n_cs_chart_template,account.data_account_type_other_income,,
668,668,Ostatní finanční výnosy,l10n_cs_chart_template,account.data_account_type_other_income,,
681,681,Výnosy ze změny metody,l10n_cs_chart_template,account.data_account_type_other_income,,
688,688,Ostatní mimorádné výnosy,l10n_cs_chart_template,account.data_account_type_other_income,,
697,697,Převod provozních výnosů,l10n_cs_chart_template,account.data_account_type_other_income,,
698,698,Převod financních výnosů,l10n_cs_chart_template,account.data_account_type_other_income,,
701,701,Počáteční účet rozvažný,l10n_cs_chart_template,account.data_account_type_fixed_assets,,
702,702,Konečný účet rozvažný,l10n_cs_chart_template,account.data_account_type_fixed_assets,,
