id,code,name,parent_id:id,type,user_type:id,reconcile
cs_0,0,Dlouhodobý majetek,account_template_root,view,account_type_view,FALSE
cs_1,1,Dlouhodobý nehmotný majetek,0,view,account_type_view,FALSE
cs_10,10,Dlouhodobý nehmotný majetek,1,other,account_type_fixed_assets,FALSE
cs_11,11,Zřizovací výdaje,1,other,account_type_fixed_assets,FALSE
cs_12,12,Nehmotné výsledky výzkumu a vývoje,1,other,account_type_fixed_assets,FALSE
cs_13,13,Software,1,other,account_type_fixed_assets,FALSE
cs_14,14,Goodwill,1,other,account_type_fixed_assets,FALSE
cs_19,19,Ostatní dlouhodobý nehmotný majetek,1,other,account_type_fixed_assets,FALSE
cs_2,2,Dlouhodobý hmotný majetek odpisovaný,0,view,account_type_view,FALSE
cs_21,21,Stavby,2,other,account_type_fixed_assets,FALSE
cs_22,22,Samostatné movité věci a soubory movitých věcí,2,other,account_type_fixed_assets,FALSE
cs_25,25,Pěstitelské celky trvalých porostů,2,other,account_type_fixed_assets,FALSE
cs_26,26,"Základní stádo, tažná zvířata",2,other,account_type_fixed_assets,FALSE
cs_29,29,Jiný dlouhodobý hmotný majetek,2,other,account_type_fixed_assets,FALSE
cs_3,3,Dlouhodobý hmotný majetek neodpisovaný,0,view,account_type_view,FALSE
cs_31,31,Pozemky,3,other,account_type_fixed_assets,FALSE
cs_32,32,Umělecká díla a sbírky,3,other,account_type_fixed_assets,FALSE
cs_4,4,Nedokončený dlouhodobý nehmotný a hmotný majetek a pořizovaný dlouhodobý finanční majetek,0,view,account_type_view,FALSE
cs_41,41,Pořízení dlouhodobého nehmotného majetku,4,other,account_type_fixed_assets,FALSE
cs_42,42,Pořízení dlouhodobého hmotného majetku,4,other,account_type_fixed_assets,FALSE
cs_43,43,Pořízení dlouhodobého finančního majetku,4,other,account_type_fixed_assets,FALSE
cs_5,5,Poskytnuté zálohy na dlouhodobý majetek,0,view,account_type_view,FALSE
cs_51,51,Poskytnuté zálohy na dlouhodobý nehmotný majetek,5,other,account_type_fixed_assets,FALSE
cs_52,52,Poskytnuté zálohy na dlouhodobý hmotný majetek,5,other,account_type_fixed_assets,FALSE
cs_53,53,Poskytnuté zálohy na dlouhodobý finanční majetek,5,other,account_type_fixed_assets,FALSE
cs_6,6,Dlouhodobý finanční majetek,0,view,account_type_view,FALSE
cs_61,61,Podíly v ovládaných a řízených osobách,6,other,account_type_fixed_assets,FALSE
cs_62,62,Podíly v účetních jednotkách pod podstatným vlivem,6,other,account_type_fixed_assets,FALSE
cs_63,63,Ostatní cenné papíry a podíly,6,other,account_type_fixed_assets,FALSE
cs_65,65,Dluhové cenné papíry držené do splatnosti,6,other,account_type_fixed_assets,FALSE
cs_66,66,Půjcky ovládaným a řízeným osobám a účetním jednotkám pod podstatným vlivem,6,other,account_type_fixed_assets,FALSE
cs_67,67,Ostatní půjcky,6,other,account_type_fixed_assets,FALSE
cs_69,69,Jiný dlouhodobý finanční majetek,6,other,account_type_fixed_assets,FALSE
cs_7,7,Oprávky k dlouhodobému nehmotnému majetku,0,view,account_type_view,FALSE
cs_71,71,Oprávky ke zřizovacím výdajům,7,other,account_type_fixed_assets,FALSE
cs_72,72,Oprávky k nehmotným výsledkům výzkumu a vývoje,7,other,account_type_fixed_assets,FALSE
cs_73,73,Oprávky k softwaru,7,other,account_type_fixed_assets,FALSE
cs_74,74,Oprávky k ocenitelným právům,7,other,account_type_fixed_assets,FALSE
cs_75,75,Oprávky ke goodwillu,7,other,account_type_fixed_assets,FALSE
cs_79,79,Oprávky k jinému dlouhodobému nehmotnému majetku,7,other,account_type_fixed_assets,FALSE
cs_8,8,Oprávky k dlouhodobému hmotnému majetku,0,view,account_type_view,FALSE
cs_81,81,Oprávky ke stavbám,8,other,account_type_fixed_assets,FALSE
cs_82,82,Oprávky k samostatným movitým věcem a souborům movitých věcí,8,other,account_type_fixed_assets,FALSE
cs_85,85,Oprávky k pěstitelským celkům trvalých porostů,8,other,account_type_fixed_assets,FALSE
cs_86,86,Oprávky k základnímu stádu a tažným zvířatům,8,other,account_type_fixed_assets,FALSE
cs_89,89,Oprávky k jinému dlouhodobému hmotnému majetku,8,other,account_type_fixed_assets,FALSE
cs_9,9,Opravné položky k dlouhodobému majetku,0,view,account_type_view,FALSE
cs_91,91,Opravná položka k dlouhodobému nehmotnému majetku,9,other,account_type_fixed_assets,FALSE
cs_92,92,Opravná položka k dlouhodobému hmotnému majetku,9,other,account_type_fixed_assets,FALSE
cs_93,93,Opravná položka k dlouhodobému nedokončenému nehmotnému majetku,9,other,account_type_fixed_assets,FALSE
cs_94,94,Opravná položka k dlouhodobému nedokončenému hmotnému majetku,9,other,account_type_fixed_assets,FALSE
cs_95,95,Opravná položka k poskytnutým zálohám na dlouhodobý majetek,9,other,account_type_fixed_assets,FALSE
cs_96,96,Opravná položka k dlouhodobému finančnímu majetku,9,other,account_type_fixed_assets,FALSE
cs_97,97,Oceňovací rozdíl k nabytému majetku,9,other,account_type_fixed_assets,FALSE
cs_98,98,Oprávky k oceňovacímu rozdílu k nabytému majetku,9,other,account_type_fixed_assets,FALSE
cs_1,1,Zásoby a opravné položky,account_template_root,view,account_type_view,FALSE
cs_11,11,Materiál,1,view,account_type_view,FALSE
cs_111,111,Pořízení materiálu,11,other,account_type_fixed_assets,FALSE
cs_112,112,Materiál na skladě,11,other,account_type_fixed_assets,FALSE
cs_119,119,Materiál na cestě,11,other,account_type_fixed_assets,FALSE
cs_12,12,Zásoby vlastní výroby,1,view,account_type_view,FALSE
cs_121,121,Nedokončená výroba,12,other,account_type_fixed_assets,FALSE
cs_122,122,Polotovary vlastní výroby,12,other,account_type_fixed_assets,FALSE
cs_123,123,Výrobky,12,other,account_type_fixed_assets,FALSE
cs_124,124,Zvířata,12,other,account_type_fixed_assets,FALSE
cs_13,13,Zboží,1,view,account_type_view,FALSE
cs_131,131,Pořízení zboží,13,other,account_type_fixed_assets,FALSE
cs_132,132,Zboží na skladě a v prodejnách,13,other,account_type_fixed_assets,FALSE
cs_139,139,Zboží na cestě,13,other,account_type_fixed_assets,FALSE
cs_15,15,Poskytnuté zálohy na zásoby,1,view,account_type_view,FALSE
cs_151,151,Poskytnuté zálohy na materiál,15,other,account_type_fixed_assets,FALSE
cs_152,152,Poskytnuté zálohy na zvířata,15,other,account_type_fixed_assets,FALSE
cs_153,153,Poskytnuté zálohy na zboží,15,other,account_type_fixed_assets,FALSE
cs_19,19,Opravné položky k zásobám,1,view,account_type_view,FALSE
cs_191,191,Opravná položka k materiálu,19,other,account_type_fixed_assets,FALSE
cs_192,192,Opravná položka k nedokončené výrobě,19,other,account_type_fixed_assets,FALSE
cs_193,193,Opravná položka k polotovarům vlastní výroby,19,other,account_type_fixed_assets,FALSE
cs_194,194,Opravná položka k výrobkům,19,other,account_type_fixed_assets,FALSE
cs_195,195,Opravná položka ke zvířatům,19,other,account_type_fixed_assets,FALSE
cs_196,196,Opravná položka ke zboží,19,other,account_type_fixed_assets,FALSE
cs_197,197,Opravná položka k zálohám na materiál,19,other,account_type_fixed_assets,FALSE
cs_198,198,Opravná položka k zálohám na zboží,19,other,account_type_fixed_assets,FALSE
cs_199,199,Opravná položka k zálohám na zvířata,19,other,account_type_fixed_assets,FALSE
cs_2,2,Finanční účty,account_template_root,view,account_type_view,FALSE
cs_21,21,Peníze,2,view,account_type_view,FALSE
cs_211,211,Pokladna,21,liquidity,account_type_fixed_assets,FALSE
cs_213,213,Ceniny,21,other,account_type_fixed_assets,FALSE
cs_22,22,Účty v bankách,2,view,account_type_view,FALSE
cs_221,221,Bankovní účty,22,liquidity,account_type_fixed_assets,FALSE
cs_23,23,Běžné bankovní úvěry,2,view,account_type_view,FALSE
cs_231,231,Krátkodobé bankovní úvěry,23,other,account_type_current_liabilities,FALSE
cs_232,232,Eskontní úvěry,23,other,account_type_current_liabilities,FALSE
cs_24,24,Jiné krátkodobé finanční výpomoci,2,view,account_type_view,FALSE
cs_241,241,Emitované krátkodobé dluhopisy,24,other,account_type_current_liabilities,FALSE
cs_249,249,Ostatní krátkodobé finanční výpomoci,24,other,account_type_current_liabilities,FALSE
cs_25,25,Krátkodobý finanční majetek,2,view,account_type_view,FALSE
cs_251,251,Registrované majetkové cenné papíry k obchodování,25,other,account_type_fixed_assets,FALSE
cs_252,252,Vlastní akcie a vlastní obchodní podíly,25,other,account_type_current_liabilities,FALSE
cs_253,253,Registrované dluhové cenné papíry k obchodování,25,other,account_type_fixed_assets,FALSE
cs_255,255,Vlastní dluhopisy,25,other,account_type_current_liabilities,FALSE
cs_256,256,Dluhové cenné papíry se splatností do jednoho roku držené do splatnosti,25,other,account_type_fixed_assets,FALSE
cs_257,257,Ostatní cenné papíry k obchodování,25,other,account_type_fixed_assets,FALSE
cs_259,259,Pořizování krátkodobého finančního majetku,25,other,account_type_fixed_assets,FALSE
cs_26,26,Převody mezi finančními účty,2,view,account_type_view,FALSE
cs_261,261,Peníze na cestě,26,other,account_type_fixed_assets,FALSE
cs_29,29,Opravné položky ke krátkodobému finančnímu majetku,2,view,account_type_view,FALSE
cs_291,291,Opravná položka ke krátkodobému finančnímu majetku,29,other,account_type_fixed_assets,FALSE
cs_3,3,Zúčtovací vztahy,account_template_root,view,account_type_view,FALSE
cs_31,31,Pohledávky (krátkodobé i dlouhodobé),3,view,account_type_view,FALSE
cs_311,311,Pohledávky z obchodních vztahů,31,other,account_type_receivable,FALSE
cs_312,312,Směnky k inkasu,31,other,account_type_receivable,FALSE
cs_313,313,Pohledávky za eskontované cenné papíry,31,other,account_type_receivable,FALSE
cs_314,314,Poskytnuté provozní zálohy,31,other,account_type_receivable,FALSE
cs_315,315,Ostatní pohledávky,31,other,account_type_receivable,FALSE
cs_32,32,Závazky (krátkodobé),3,view,account_type_view,FALSE
cs_321,321,Závazky z obchodních vztahů,32,other,account_type_payable,FALSE
cs_322,322,Směnky k úhrade,32,other,account_type_payable,FALSE
cs_324,324,Přijaté provozní zálohy,32,other,account_type_payable,FALSE
cs_325,325,Ostatní závazky,32,other,account_type_payable,FALSE
cs_33,33,Zúčtování se zaměstnanci a institucemi,3,view,account_type_view,FALSE
cs_331,331,Zaměstnanci,33,other,account_type_current_liabilities,FALSE
cs_333,333,Ostatní závazky vůči zaměstnancům,33,other,account_type_current_liabilities,FALSE
cs_335,335,Pohledávky za zaměstnanci,33,other,account_type_current_liabilities,FALSE
cs_336,336,Zúčtování s institucemi sociálního zabezpečení a zdravotního pojištení,33,other,account_type_current_liabilities,FALSE
cs_34,34,Zúčtování daní a dotací,3,view,account_type_view,FALSE
cs_341,341,Daň z příjmu,34,other,account_type_current_liabilities,FALSE
cs_342,342,Ostatní přímé daně,34,other,account_type_current_liabilities,FALSE
cs_343,343,Daň z přidané hodnoty,34,other,account_type_current_liabilities,FALSE
cs_345,345,Ostatní daně a poplatky,34,other,account_type_current_liabilities,FALSE
cs_346,346,Dotace ze státního rozpočtu,34,other,account_type_current_liabilities,FALSE
cs_347,347,Ostatní dotace,34,other,account_type_current_liabilities,FALSE
cs_35,35,"Pohledávky za společníky, za účastníky sdružení a za členy družstva",3,view,account_type_view,FALSE
cs_351,351,Pohledávky za ovládanými a řízenými osobami,35,other,account_type_current_assets,FALSE
cs_352,352,Pohledávky za účetními jednotkami pod podstatným vlivem,35,other,account_type_current_assets,FALSE
cs_353,353,Pohledávky za upsaný základní kapitál,35,other,account_type_current_assets,FALSE
cs_354,354,Pohledávky za společníky při úhradě ztráty,35,other,account_type_current_assets,FALSE
cs_355,355,Ostatní pohledávky za společníky a členy družstva,35,other,account_type_current_assets,FALSE
cs_358,358,Pohledávky za účastníky sdružení,35,other,account_type_current_assets,FALSE
cs_36,36,"Závazky ke společníkům, k účastníkům sdružení a ke členům družstva",3,view,account_type_view,FALSE
cs_361,361,Závazky k ovládaným a řízeným osobám,36,other,account_type_current_liabilities,FALSE
cs_362,362,Závazky k osobám pod podstatným vlivem,36,other,account_type_current_liabilities,FALSE
cs_364,364,Závazky ke společníkům při rozdělování zisku,36,other,account_type_current_liabilities,FALSE
cs_365,365,Ostatní závazky ke společníkům a členům družstva,36,other,account_type_current_liabilities,FALSE
cs_366,366,Závazky ke společníkum a členům družstva ze závislé činnosti,36,other,account_type_current_liabilities,FALSE
cs_367,367,Závazky z upsaných nesplacených cenných papírů a vkladů,36,other,account_type_current_liabilities,FALSE
cs_368,368,Závazky k účastníkům sdružení,36,other,account_type_current_liabilities,FALSE
cs_37,37,Jiné pohledávky a závazky,3,view,account_type_view,FALSE
cs_371,371,Pohledávky z prodeje podniku,37,other,account_type_current_assets,FALSE
cs_372,372,Závazky z koupě podniku,37,other,account_type_current_liabilities,FALSE
cs_373,373,Pohledávky a závazky z pevných termínových operací,37,other,account_type_current_assets,FALSE
cs_374,374,Pohledávky z pronájmu,37,other,account_type_current_assets,FALSE
cs_375,375,Pohledávky z emitovaných dluhopisů,37,other,account_type_current_assets,FALSE
cs_376,376,Nakoupené opce,37,other,account_type_current_assets,FALSE
cs_377,377,Prodané opce,37,other,account_type_current_liabilities,FALSE
cs_378,378,Jiné pohledávky,37,other,account_type_current_assets,FALSE
cs_379,379,Jiné závazky,37,other,account_type_current_liabilities,FALSE
,,,,,,
cs_38,38,Přechodné účty aktiv a pasiv,3,view,account_type_view,FALSE
cs_381,381,Náklady príštích období,38,other,account_type_current_assets,FALSE
cs_382,382,Komplexní náklady príštích období,38,other,account_type_current_assets,FALSE
cs_383,383,Výdaje príštích období,38,other,account_type_current_liabilities,FALSE
cs_384,384,Výnosy príštích období,38,other,account_type_current_liabilities,FALSE
cs_385,385,Příjmy príštích období,38,other,account_type_current_assets,FALSE
cs_386,386,Kursové rozdíly aktivní,38,other,account_type_current_assets,FALSE
cs_387,387,Kursové rozdíly pasivní,38,other,account_type_current_liabilities,FALSE
cs_388,388,Dohadné účty aktivní,38,other,account_type_current_assets,FALSE
cs_389,389,Dohadné účty pasivní,38,other,account_type_current_liabilities,FALSE
,,,,,,
cs_39,39,Opravná položka k zúčtovacím vztahům a vnitřní zúčtování,3,view,account_type_view,FALSE
cs_391,391,Opravná položka k pohledávkám,39,other,account_type_current_assets,FALSE
cs_395,395,Vnitřní zúčtování,39,other,account_type_current_assets,FALSE
cs_398,398,Spojovací účet při sdružení,39,other,account_type_current_assets,FALSE
,,,,,,
cs_4,4,Kapitálové účty a dlouhodobé závazky,account_template_root,view,account_type_view,FALSE
,,,,,,
cs_41,41,Základní kapitál a kapitálové fondy,4,view,account_type_view,FALSE
cs_411,411,Základní kapitál,41,other,account_type_equity,FALSE
cs_412,412,Emisní ážio,41,other,account_type_current_liabilities,FALSE
cs_413,413,Ostatní kapitálové fondy,41,other,account_type_current_liabilities,FALSE
cs_414,414,Oceňovací rozdíly z precenění majetku a závazků,41,other,account_type_current_liabilities,FALSE
cs_417,417,Rozdíly z přeměn společností,41,other,account_type_current_liabilities,FALSE
cs_418,418,Oceňovací rozdíly z přecenění pri přeměnách,41,other,account_type_current_liabilities,FALSE
cs_419,419,Změny základního kapitálu,41,other,account_type_current_liabilities,FALSE
,,,,,,
cs_42,42,Fondy ze zisku a převedené výsledky hospodaření,4,view,account_type_view,FALSE
cs_421,421,Zákonný rezervní fond,42,other,account_type_current_liabilities,FALSE
cs_422,422,Nedělitelný fond,42,other,account_type_current_liabilities,FALSE
cs_423,423,Statutární fondy,42,other,account_type_current_liabilities,FALSE
cs_427,427,Ostatní fondy,42,other,account_type_current_liabilities,FALSE
cs_428,428,Nerozdělený zisk minulých let,42,other,account_type_current_liabilities,FALSE
cs_429,429,Neuhrazená ztráta minulých let,42,other,account_type_current_liabilities,FALSE
,,,,,,
cs_43,43,Výsledek hospodaření,4,view,account_type_view,FALSE
cs_431,431,Výsledek hospodarení ve schvalovacím řízení,43,other,account_type_current_liabilities,FALSE
,,,,,,
cs_45,45,Rezervy,4,view,account_type_view,FALSE
cs_451,451,Rezervy podle zvláštních právních předpisů,45,other,account_type_current_liabilities,FALSE
cs_453,453,Rezerva na daň z příjmů,45,other,account_type_current_liabilities,FALSE
cs_459,459,Ostatní rezervy,45,other,account_type_current_liabilities,FALSE
,,,,,,
cs_46,46,Dlouhodobé bankovní úvěry,4,view,account_type_view,FALSE
cs_460,460,Bankovní úvěry,46,other,account_type_current_liabilities,FALSE
,,,,,,
cs_47,47,Dlouhodobé závazky,4,view,account_type_view,FALSE
cs_471,471,Dlouhodobé závazky k ovládaným a řízeným osobám,47,other,account_type_current_liabilities,FALSE
cs_472,472,Dlouhodobé závazky k účetním jednotkám pod podstatným vlivem,47,other,account_type_current_liabilities,FALSE
cs_473,473,Emitované dluhopisy,47,other,account_type_current_liabilities,FALSE
cs_474,474,Závazky z pronájmu,47,other,account_type_current_liabilities,FALSE
cs_475,475,Dlouhodobé přijaté zálohy,47,other,account_type_current_liabilities,FALSE
cs_478,478,Dlouhodobé směnky k úhradě,47,other,account_type_current_liabilities,FALSE
cs_479,479,Jiné dlouhodobé závazky,47,other,account_type_current_liabilities,FALSE
,,,,,,
cs_48,48,Odložený daňový závazek a pohledávka,4,view,account_type_view,FALSE
cs_481,481,Odložený daňový závazek a pohledávka,48,other,account_type_current_liabilities,FALSE
,,,,,,
cs_49,49,Individuální podnikatel,4,view,account_type_view,FALSE
cs_491,491,Účet individuálního podnikatele,49,other,account_type_current_liabilities,FALSE
,,,,,,
cs_5,5,Náklady,account_template_root,view,account_type_view,FALSE
,,,,,,
cs_50,50,Spotřebované nákupy,5,view,account_type_view,FALSE
cs_501,501,Spotřeba materiálu,50,other,account_type_expense,FALSE
cs_502,502,Spotřeba energie,50,other,account_type_expense,FALSE
cs_503,503,Spotřeba ostatních neskladovatelných dodávek,50,other,account_type_expense,FALSE
cs_504,504,Prodané zboží,50,other,account_type_expense,FALSE
,,,,,,
cs_51,51,Služby,5,view,account_type_view,FALSE
cs_511,511,Opravy a udržování,51,other,account_type_expense,FALSE
cs_512,512,Cestovné,51,other,account_type_expense,FALSE
cs_513,513,Náklady na reprezentaci,51,other,account_type_expense,FALSE
cs_518,518,Ostatní služby,51,other,account_type_expense,FALSE
,,,,,,
cs_52,52,Osobní náklady,5,view,account_type_view,FALSE
cs_521,521,Mzdové náklady,52,other,account_type_expense,FALSE
cs_522,522,Příjmy společníků a členů družstva ze závislé činnosti,52,other,account_type_expense,FALSE
cs_523,523,Odměny členům orgánu společnosti a družstva,52,other,account_type_expense,FALSE
cs_524,524,Zákonné sociální pojištění,52,other,account_type_expense,FALSE
cs_525,525,Ostatní sociální pojištění,52,other,account_type_expense,FALSE
cs_526,526,Sociální náklady individuálního podnikatele,52,other,account_type_expense,FALSE
cs_527,527,Zákonné sociální náklady,52,other,account_type_expense,FALSE
cs_528,528,Ostatní sociální náklady,52,other,account_type_expense,FALSE
,,,,,,
cs_53,53,Daně a poplatky,5,view,account_type_view,FALSE
cs_531,531,Daň silniční,53,other,account_type_expense,FALSE
cs_532,532,Daň z nemovitostí,53,other,account_type_expense,FALSE
cs_538,538,Ostatní daně a poplatky,53,other,account_type_expense,FALSE
,,,,,,
cs_54,54,Jiné provozní náklady,5,view,account_type_view,FALSE
cs_541,541,Zůstatková cena prodaného dlouhodobého nehmotného a hmotného majetku,54,other,account_type_expense,FALSE
cs_542,542,Prodaný materiál,54,other,account_type_expense,FALSE
cs_543,543,Dary,54,other,account_type_expense,FALSE
cs_544,544,Smluvní pokuty a úroky z prodlení,54,other,account_type_expense,FALSE
cs_545,545,Ostatní pokuty a penále,54,other,account_type_expense,FALSE
cs_546,546,Odpis pohledávky,54,other,account_type_expense,FALSE
cs_548,548,Ostatní provozní náklady,54,other,account_type_expense,FALSE
cs_549,549,Manka a škody z provozní činnosti,54,other,account_type_expense,FALSE
,,,,,,
cs_55,55,"Odpisy, rezervy, komplexní náklady príštích období a opravné položky provozních nákladů",5,view,account_type_view,FALSE
cs_551,551,Odpisy dlouhodobého nehmotného a hmotného majetku,55,other,account_type_expense,FALSE
cs_552,552,Tvorba a zúčtování rezerv podle zvláštních právních předpisů,55,other,account_type_expense,FALSE
cs_554,554,Tvorba a zúctování ostatních rezerv,55,other,account_type_expense,FALSE
cs_555,555,Tvorba a zúctování komplexních nákladů příštích období,55,other,account_type_expense,FALSE
cs_557,557,Zúčtování oprávky k oceňovacímu rozdílu k nabytému majetku,55,other,account_type_expense,FALSE
cs_558,558,Tvorba a zúčtování zákonných opravných položek v provozní činnosti,55,other,account_type_expense,FALSE
cs_559,559,Tvorba a zúčtování opravných položek v provozní činnosti,55,other,account_type_expense,FALSE
,,,,,,
cs_56,56,Finanční náklady,5,view,account_type_view,FALSE
cs_561,561,Prodané cenné papíry a podíly,56,other,account_type_expense,FALSE
cs_562,562,Úroky,56,other,account_type_expense,FALSE
cs_563,563,Kursové ztráty,56,other,account_type_expense,FALSE
cs_564,564,Náklady z přecenění cenných papírů,56,other,account_type_expense,FALSE
cs_566,566,Náklady z finančního majetku,56,other,account_type_expense,FALSE
cs_567,567,Náklady z derivátových operací,56,other,account_type_expense,FALSE
cs_568,568,Ostatní finanční náklady,56,other,account_type_expense,FALSE
cs_569,569,Manka a škody na finančním majetku,56,other,account_type_expense,FALSE
,,,,,,
cs_57,57,Rezervy a opravné položky finančních nákladů,5,view,account_type_view,FALSE
cs_574,574,Tvorba a zúčtování finančních rezerv,57,other,account_type_expense,FALSE
cs_579,579,Tvorba a zúčtování opravných položek ve finanční činnosti,57,other,account_type_expense,FALSE
,,,,,,
cs_58,58,Mimořádné náklady,5,view,account_type_view,FALSE
cs_581,581,Náklady na změnu metody,58,other,account_type_expense,FALSE
cs_582,582,Škody,58,other,account_type_expense,FALSE
cs_584,584,Tvorba a zúčtování mimořádných rezerv,58,other,account_type_expense,FALSE
cs_588,588,Ostatní mimorádné náklady,58,other,account_type_expense,FALSE
cs_589,589,Tvorba a zúčtování opravných položek v mimořádné činnosti,58,other,account_type_expense,FALSE
,,,,,,
,,,,,,
cs_59,59,Daně z příjmů a převodové účty,5,view,account_type_view,FALSE
cs_591,591,Daň z příjmů z běžné činnosti splatná,59,other,account_type_expense,FALSE
cs_592,592,Daň z příjmů z běžné činnosti odložená,59,other,account_type_expense,FALSE
cs_593,593,Daň z příjmů z mimořádné činnosti splatná,59,other,account_type_expense,FALSE
cs_594,594,Daň z příjmů z mimořádné činnosti odložená,59,other,account_type_expense,FALSE
cs_595,595,Dodatečné odvody daně z příjmů,59,other,account_type_expense,FALSE
cs_596,596,Převod podílu na výsledku hospodaření společníkům,59,other,account_type_expense,FALSE
cs_597,597,Převod provozních nákladů,59,other,account_type_expense,FALSE
cs_598,598,Převod finančních nákladů,59,other,account_type_expense,FALSE
,,,,,,
cs_6,6,Výnosy,account_template_root,view,account_type_view,FALSE
,,,,,,
cs_60,60,Tržby za vlastní výkony a zboží,6,view,account_type_view,FALSE
cs_601,601,Tržby za vlastní výrobky,60,other,account_type_income,FALSE
cs_602,602,Tržby z prodeje služeb,60,other,account_type_income,FALSE
cs_604,604,Tržby za zboží,60,other,account_type_income,FALSE
,,,,,,
cs_61,61,Změny stavu zásob vlastní činnosti,6,view,account_type_view,FALSE
cs_611,611,Změna stavu nedokončené výroby,61,other,account_type_income,FALSE
cs_612,612,Změna stavu polotovaru vlastní výroby,61,other,account_type_income,FALSE
cs_613,613,Změna stavu výrobku,61,other,account_type_income,FALSE
cs_614,614,Změna stavu zvířat,61,other,account_type_income,FALSE
,,,,,,
cs_62,62,Aktivace,6,view,account_type_view,FALSE
cs_621,621,Aktivace materiálu a zboží,62,other,account_type_income,FALSE
cs_622,622,Aktivace vnitropodnikových služeb,62,other,account_type_income,FALSE
cs_623,623,Aktivace dlouhodobého nehmotného majetku,62,other,account_type_income,FALSE
cs_624,624,Aktivace dlouhodobého hmotného majetku,62,other,account_type_income,FALSE
,,,,,,
cs_64,64,Jiné provozní výnosy,6,view,account_type_view,FALSE
cs_641,641,Tržby z prodeje dlouhodobého nehmotného a hmotného majetku,64,other,account_type_income,FALSE
cs_642,642,Tržby z prodeje materiálu,64,other,account_type_income,FALSE
cs_644,644,Smluvní pokuty a úroky z prodlení,64,other,account_type_income,FALSE
cs_646,646,Výnosy z odepsaných pohledávek,64,other,account_type_income,FALSE
cs_648,648,Ostatní provozní výnosy,64,other,account_type_income,FALSE
,,,,,,
cs_66,66,Finanční výnosy,6,view,account_type_view,FALSE
cs_661,661,Tržby z prodeje cenných papírů a podílů,66,other,account_type_income,FALSE
cs_662,662,Úroky,66,other,account_type_income,FALSE
cs_663,663,Kursové zisky,66,other,account_type_income,FALSE
cs_664,664,Výnosy z přecenění cenných papírů,66,other,account_type_income,FALSE
cs_665,665,Výnosy z dlouhodobého finančního majetku,66,other,account_type_income,FALSE
cs_666,666,Výnosy z krátkodobého finančního majetku,66,other,account_type_income,FALSE
cs_667,667,Výnosy z derivátových operací,66,other,account_type_income,FALSE
cs_668,668,Ostatní finanční výnosy,66,other,account_type_income,FALSE
,,,,,,
cs_68,68,Mimořádné výnosy,6,view,account_type_view,FALSE
cs_681,681,Výnosy ze změny metody,68,other,account_type_income,FALSE
cs_688,688,Ostatní mimorádné výnosy,68,other,account_type_income,FALSE
,,,,,,
cs_69,69,Převodové účty,6,view,account_type_view,FALSE
cs_697,697,Převod provozních výnosů,69,other,account_type_income,FALSE
cs_698,698,Převod financních výnosů,69,other,account_type_income,FALSE
,,,,,,
cs_7,7,Závěrkové a podrozvahové účty,account_template_root,view,account_type_view,FALSE
,,,,,,
cs_70,70,Účty rozvažné,7,view,account_type_view,FALSE
cs_701,701,Počáteční účet rozvažný,70,other,account_type_fixed_assets,FALSE
cs_702,702,Konečný účet rozvažný,70,other,account_type_fixed_assets,FALSE
,,,,,,
cs_71,71,Účet zisků a ztrát,7,view,account_type_view,FALSE
cs_710,710,Účet zisků a ztrát,71,other,account_type_profit_and_loss,FALSE
,,,,,,
cs_75,75,Majetek v úschově,7,view,account_type_view,FALSE
cs_750,750,Majetek v úschově,75,other,account_type_profit_and_loss,FALSE
,,,,,,
cs_76,76,Podrozvahová aktiva,7,view,account_type_view,FALSE
cs_760,760,Podrozvahová aktiva,76,other,account_type_profit_and_loss,FALSE
,,,,,,
cs_77,77,Podrozvahová pasiva,7,view,account_type_view,FALSE
cs_770,770,Podrozvahová pasiva,77,other,account_type_profit_and_loss,FALSE
,,,,,,
cs_78,78,Účet zisků a ztrát,7,view,account_type_view,FALSE
cs_780,780,Technické účty,78,other,account_type_profit_and_loss,FALSE
