id,code,name,chart_template_id:id,user_type_id:id,reconcile,note
710,710,Účet zisků a ztrát,l10n_cs_chart_record,account.data_account_type_profit_and_loss
750,750,Majetek v úschově,l10n_cs_chart_record,account.data_account_type_profit_and_loss
760,760,Podrozvahová aktiva,l10n_cs_chart_record,account.data_account_type_profit_and_loss
770,770,Podrozvahová pasiva,l10n_cs_chart_record,account.data_account_type_profit_and_loss
780,780,Technické účty,l10n_cs_chart_record,account.data_account_type_profit_and_loss

