<?xml version="1.0" encoding="utf-8"?>
<odoo>

        <record id="l10n_cs_chart_template" model="account.chart.template">
            <field name="name">Czech - Chart of Accounts</field>
            <field name="bank_account_code_prefix">11</field>
            <field name="cash_account_code_prefix">12</field>
            <field name="transfer_account_code_prefix">13</field>
            <field name="code_digits">6</field>
            <field name="currency_id" ref="base.CZK"/>
        </record>
</odoo>
