<?xml version="1.0" encoding="utf-8"?>
<odoo>

    <menuitem id="account_reports_cs_statements_menu" name="Czech" parent="account.menu_finance_reports" sequence="0" groups="account.group_account_user"/>

        <record id="l10n_cs_chart_template" model="account.chart.template">
            <field name="property_account_receivable_id" ref="315"/>
            <field name="property_account_payable_id" ref="325"/>
            <field name="property_account_expense_categ_id" ref="504"/>
            <field name="property_account_income_categ_id" ref="602"/>
            <!--
            <field name="income_currency_exchange_account_id" ref="account_6061" />
            <field name="expense_currency_exchange_account_id" ref="account_6061" /> 
            -->
        </record>
</odoo>
